u,v
Brenda Rogers,E1
Brenda Rogers,E3
Brenda Rogers,E4
Brenda Rogers,E5
Brenda Rogers,E6
Brenda Rogers,E7
Brenda Rogers,E8
Charlotte McDowd,E3
Charlotte McDowd,E4
Charlotte McDowd,E5
Charlotte McDowd,E7
Dorothy Murchison,E8
Dorothy Murchison,E9
E1,Evelyn Jefferson
E1,Laura Mandeville
E10,Helen Lloyd
E10,Katherina Rogers
E10,Myra Liddel
E10,Nora Fayette
E10,Sylvia Avondale
E11,Flora Price
E11,Helen Lloyd
E11,Nora Fayette
E11,Olivia Carleton
E12,Helen Lloyd
E12,Katherina Rogers
E12,Myra Liddel
E12,Nora Fayette
E12,Sylvia Avondale
E12,Verne Sanderson
E13,Katherina Rogers
E13,Nora Fayette
E13,Sylvia Avondale
E14,Katherina Rogers
E14,Nora Fayette
E14,Sylvia Avondale
E2,Evelyn Jefferson
E2,Laura Mandeville
E2,Theresa Anderson
E3,Evelyn Jefferson
E3,Frances Anderson
E3,Laura Mandeville
E3,Theresa Anderson
E4,Evelyn Jefferson
E4,Theresa Anderson
E5,Eleanor Nye
E5,Evelyn Jefferson
E5,Frances Anderson
E5,Laura Mandeville
E5,Ruth DeSand
E5,Theresa Anderson
E6,Eleanor Nye
E6,Evelyn Jefferson
E6,Frances Anderson
E6,Laura Mandeville
E6,Nora Fayette
E6,Pearl Oglethorpe
E6,Theresa Anderson
E7,Eleanor Nye
E7,Helen Lloyd
E7,Laura Mandeville
E7,Nora Fayette
E7,Ruth DeSand
E7,Sylvia Avondale
E7,Theresa Anderson
E7,Verne Sanderson
E8,Eleanor Nye
E8,Evelyn Jefferson
E8,Frances Anderson
E8,Helen Lloyd
E8,Katherina Rogers
E8,Laura Mandeville
E8,Myra Liddel
E8,Pearl Oglethorpe
E8,Ruth DeSand
E8,Sylvia Avondale
E8,Theresa Anderson
E8,Verne Sanderson
E9,Evelyn Jefferson
E9,Flora Price
E9,Katherina Rogers
E9,Myra Liddel
E9,Nora Fayette
E9,Olivia Carleton
E9,Pearl Oglethorpe
E9,Ruth DeSand
E9,Sylvia Avondale
E9,Theresa Anderson
E9,Verne Sanderson
